{"cameraMode":{"drawMode":0,"name":"Shaded","section":"Shading Mode"},"sceneLighting":true,"audioPlay":false,"sceneViewState":{"m_AlwaysRefresh":false,"showFog":true,"showSkybox":true,"showFlares":true,"showImageEffects":true,"showParticleSystems":true,"showVisualEffectGraphs":true,"m_FxEnabled":true},"in2DMode":false,"pivot":{"x":0.13614411652088166,"y":2.576096534729004,"z":2.1874310970306398},"rotation":{"x":-0.30384132266044619,"y":0.08049716055393219,"z":-0.026796257123351098,"w":-0.9491267204284668},"size":10.581302642822266,"orthographic":true}